,_id
0,6043e41b310924997d8b3887
1,6043e41b310924997d8b3888
2,6043e41b310924997d8b3889
3,6043e41b310924997d8b388a
4,6043e41b310924997d8b388b
5,6043e41b310924997d8b388c
6,6043e41b310924997d8b388d
7,6043e41b310924997d8b388e
8,6043e41b310924997d8b388f
9,6043e41b310924997d8b3890
10,6043e41b310924997d8b3891
11,6043e41b310924997d8b3892
12,6043e41b310924997d8b3893
13,6043e41b310924997d8b3894
14,6043e41b310924997d8b3895
15,6043e41b310924997d8b3896
16,6043e41b310924997d8b3897
17,6043e41b310924997d8b3898
18,6043e41b310924997d8b3899
19,6043e41b310924997d8b389a
20,6043e41b310924997d8b389b
21,6043e41b310924997d8b389c
22,6043e41b310924997d8b389d
23,6043e41b310924997d8b389e
24,6043e41b310924997d8b389f
25,6043e41b310924997d8b38a0
26,6043e41b310924997d8b38a1
27,6043e41b310924997d8b38a2
28,6043e41b310924997d8b38a3
29,6043e41b310924997d8b38a4
30,6043e41b310924997d8b38a5
31,6043e41b310924997d8b38a6
32,6043e41b310924997d8b38a7
33,6043e41b310924997d8b38a8
34,6043e41b310924997d8b38a9
35,6043e41b310924997d8b38aa
36,6043e41b310924997d8b38ab
37,6043e41b310924997d8b38ac
38,6043e41b310924997d8b38ad
39,6043e41b310924997d8b38ae
40,6043e41b310924997d8b38af
41,6043e41b310924997d8b38b0
42,6043e41b310924997d8b38b1
43,6043e41b310924997d8b38b2
44,6043e41b310924997d8b38b3
45,6043e41b310924997d8b38b4
46,6043e41b310924997d8b38b5
47,6043e41b310924997d8b38b6
48,6043e41b310924997d8b38b7
49,6043e41b310924997d8b38b8
50,6043e41b310924997d8b38b9
51,6043e41b310924997d8b38ba
52,6043e41b310924997d8b38bb
53,6043e41b310924997d8b38bc
54,6043e41b310924997d8b38bd
55,6043e41b310924997d8b38be
56,6043e41b310924997d8b38bf
57,6043e41b310924997d8b38c0
58,6043e41b310924997d8b38c1
59,6043e41b310924997d8b38c2
60,6043e41b310924997d8b38c3
61,6043e41b310924997d8b38c4
62,6043e41b310924997d8b38c5
63,6043e41b310924997d8b38c6
64,6043e41b310924997d8b38c7
65,6043e41b310924997d8b38c8
66,6043e41b310924997d8b38c9
67,6043e41b310924997d8b38ca
68,6043e41b310924997d8b38cb
69,6043e41b310924997d8b38cc
70,6043e41b310924997d8b38cd
71,6043e41b310924997d8b38ce
72,6043e41b310924997d8b38cf
